"run_id","run_unix_timestamp","run_date","run_time"
"61366ef8-3a1f-4a19-85ec-dde2c2f07137",1712530803.464787,20240408,3
"763166c1-1184-4c86-bf50-7f8dd09a32fc",1712534403.273141,20240408,10003
"9f6b1321-9d82-4d5c-98e7-1d1cc9795615",1712538003.364625,20240408,20003
"33cac3ee-432a-4fa3-9781-f8fa07174e43",1712541603.322873,20240408,30003
e84397d3-ecea-4f40-b33e-fd61fee7d4d5,1712545204.274591,20240408,40004
"9dbe589c-35a0-4fe6-8846-43dc19879dc2",1712548803.256819,20240408,50003
"220eeefb-fcdb-4f30-9c23-7a4cdbb66ac6",1712552403.481644,20240408,60003
"50615e47-7da1-4b24-90bd-3e5a6348bd7b",1712556002.653682,20240408,70002
"6daa68bc-308c-4f7c-a7a7-406647fa558a",1712559603.089412,20240408,80003
"17ca91f6-0deb-4fb8-a896-6201f96191b9",1712563202.772123,20240408,90002
"497045ff-bbf7-4e16-b00f-cb4017f368c8",1712566802.761227,20240408,100002
"9ec978a1-8fb0-46b9-a7ab-1dd359cd0c2b",1712570402.949993,20240408,110002
c78771d3-abd6-45ce-be75-82b52d3c8b3b,1712574002.941712,20240408,120002
"12b0f503-90f5-496a-b0ab-a5aacfa01989",1712577603.172247,20240408,130003
"767ec666-35dc-4dcd-8991-9416489b5513",1712581203.342169,20240408,140003
f69721d8-7049-4aad-aad6-ab6b5e16209f,1712584803.694281,20240408,150003
fa37d511-5cad-4e41-8e17-4c1c92ae1193,1712588403.941192,20240408,160003
a0950283-34b4-4b44-b8ad-357c708970c3,1712592002.637911,20240408,170002
"7cd3992c-e5b8-4db7-a695-3619b99ea405",1712595602.789762,20240408,180002
f9734578-0ea6-4ed1-9aab-b42786e1abdd,1712599202.667152,20240408,190002
b5c760f4-5076-4ad8-96ab-5866ee1878d7,1712602802.787509,20240408,200002
cda090cc-1613-48d3-855b-e424c83500eb,1712606403.055654,20240408,210003
b3cf9aed-7d09-4e37-8b5c-b1cc8dbe6d0d,1712610003.003089,20240408,220003
e22f3f87-5224-4f36-bfca-eeddb7e0a1b2,1712613603.330018,20240408,230003
"0bda466f-c00f-4438-8861-54c9f37bb899",1712617203.923981,20240409,3
"808f6232-9363-41bb-8a85-f4167120587e",1712620803.3278,20240409,10003
"99732cb5-3876-4668-9879-1718539fde7d",1712624403.551611,20240409,20003
"3b014d7e-85af-4f5c-a03b-eacc0490695e",1712628003.898535,20240409,30003
c3823c96-9503-4ed9-a1b2-8a4491ee28fb,1712631604.29558,20240409,40004
"47bf113d-dc20-4fae-ab29-ff36f42006c7",1712635203.234792,20240409,50003
"89d783ff-2916-44fd-ba2e-83fe0d5791c5",1712638803.537835,20240409,60003
"181c7ec2-74dc-40e9-a7fe-5b92ec70d636",1712642402.462434,20240409,70002
"0becdea7-ad0c-4988-822f-160075bdd164",1712646002.607992,20240409,80002
"29888253-4e4a-402d-8144-e8104cd0d657",1712649602.811949,20240409,90002
b0eee598-aa7e-42d7-98e1-f5215d8e69d7,1712653202.870867,20240409,100002
bd9e57f9-fdcd-450e-a8bb-d5bc297393f5,1712656802.951787,20240409,110002
"7756962a-08b8-48fb-b427-3af82401751b",1712660403.036036,20240409,120003
"24c784b7-cbff-4441-b50d-4bfa10c998a3",1712664003.28123,20240409,130003
"04b11a20-93df-4752-a2d1-b6bc1edfc559",1712667603.214787,20240409,140003
"559ac895-c77b-4585-bc66-8162c521e525",1712671203.349737,20240409,150003
d377449a-be68-4f5b-8284-b1389d2fbd0a,1712674803.755724,20240409,160003
"5b2abaad-a10c-4cc0-ad16-3ff200ec1c0d",1712678402.635993,20240409,170002
"7d058ccf-b3c4-437b-91fa-85a92f97152e",1712682002.631834,20240409,180002
"020bfa16-acbc-474d-9d85-c9bf7b91d770",1712685602.890406,20240409,190002
"805cc673-4348-4686-9d73-30a95ad76cde",1712689202.801437,20240409,200002
f34dfbb7-e74c-4318-b00b-ef362d95aa25,1712692802.989421,20240409,210002
"9722068b-b01a-4a9e-a310-6be6d9a301ca",1712696403.262082,20240409,220003
bfc53cc9-88c3-4f99-8b16-88b8aa179aa7,1712700003.324824,20240409,230003
"94d19b03-ecfe-43d7-b6c1-dbf81162122e",1712703603.956813,20240410,3
"51a4e8b0-d9d5-4215-9cb3-2372141a7bad",1712707203.336743,20240410,10003
a55e70c8-52e0-48b7-b163-b4184f81455b,1712710802.771188,20240410,20002
e79f71ec-7cc6-417c-a273-a2c91f9c4229,1712714403.651263,20240410,30003
adf17f4b-6e09-498b-9195-db161211d955,1712718004.274129,20240410,40004
"11043a39-575f-4f7e-91a3-3692d95da740",1712721603.176387,20240410,50003
dbc9867c-08f1-4318-8f4d-6d1dd5ea31bb,1712725203.349209,20240410,60003
a7f39056-638e-410c-b96d-053a41ea0abd,1712728803.590326,20240410,70003
f24dc1ac-037b-410b-986a-44b0d955581d,1712732402.88041,20240410,80002
a4d19eb2-0656-4cef-a5c8-61953422a313,1712736002.661569,20240410,90002
"07756249-f1f0-4292-b0a0-ba051774b2d0",1712739602.774992,20240410,100002
ae67b499-93e3-46be-807a-6e664fffb4d6,1712743202.87365,20240410,110002
"2d0eb08a-fbdc-4ece-8d75-9915d858e857",1712746802.9784,20240410,120002
"4a041cea-a578-46cb-a528-ca6f7e806cff",1712750403.225754,20240410,130003
"10636e4d-1816-4aa6-b59e-5e2c87062dcf",1712754003.167332,20240410,140003
c381e5e3-3408-4119-abb3-90ab80715da1,1712757603.287958,20240410,150003
"9f3da114-9813-4895-9198-ab1b37efdc99",1712761203.525614,20240410,160003
"06f97dff-ff9b-4254-bade-f75372ff80e4",1712764802.614053,20240410,170002
"15d786d6-f533-448c-91fe-6a05adca19b6",1712768402.696715,20240410,180002
"3d44f448-7fc0-4164-b752-59f39feea40b",1712772002.693923,20240410,190002
"3e83692c-cebd-4136-a749-4fc8748a6b30",1712775602.904189,20240410,200002
f722105b-eb7f-4257-9c5d-c4d5826e7c49,1712779203.051064,20240410,210003
"1460223a-bf00-4bae-8c74-d5018e173d6b",1712782803.309035,20240410,220003
d9ec3c4c-9d80-412f-96bb-654c47113db8,1712786403.112511,20240410,230003
"870a0837-0462-4a53-b33b-620d1948136e",1712790003.802498,20240411,3
"30a66b37-bdef-403b-93ac-9f734ab4f66b",1712793603.665271,20240411,10003
b491d4b9-1ed2-4495-a338-45d2832aa5e5,1712797203.487986,20240411,20003
c9d5e061-39ea-4eb9-a49d-919e25133231,1712800803.827185,20240411,30003
fa43e451-112b-40ab-8368-46f9ae4b5592,1712804404.534563,20240411,40004
e49b4567-2dca-4f74-b03e-1d6873732850,1712808003.534835,20240411,50003
a3d56d81-fc0f-44bc-bcec-c3b32b581f2f,1712811602.658003,20240411,60002
d29caa1e-3578-4346-840b-e575d65d6840,1712815202.886826,20240411,70002
d8a057eb-5012-4673-b220-7b7e575768d8,1712818802.914871,20240411,80002
"325cb4fb-4a02-4573-8a46-8d35c9949ddc",1712822403.097873,20240411,90003
"397ac883-7e06-4ed8-95da-ca7e8e972dbd",1712826003.179507,20240411,100003
"7e37db5c-48b2-40ae-bcbc-67797fd72758",1712829603.254391,20240411,110003
ed89358f-4457-4e63-a405-c05fe55fbb81,1712833204.179591,20240411,120004
"5951468b-3365-4068-8ad1-749dc22dcbf8",1712836803.503593,20240411,130003
aa6103d0-597e-4f3f-a269-3042ee16240d,1712840403.988619,20240411,140003
bc00fa5f-b272-4d78-b303-d03d22ed72db,1712844002.65631,20240411,150002
f734da1b-9037-4de8-a37e-99710f9934ae,1712847602.885127,20240411,160002
"15227d8a-1215-48ef-a3c4-37250a54b5d8",1712851202.962532,20240411,170002
"85bb529d-c40c-4929-9d8e-4aa6bdc3ae6b",1712854803.153139,20240411,180003
"5f66365d-5e61-4a76-9eb0-d565eeb9c471",1712858403.036186,20240411,190003
ef2bb706-10b6-42c8-aaa2-1044e9a65031,1712862003.246329,20240411,200003
d224e4a6-b338-40c0-9ed5-f0caea44d4af,1712865603.340818,20240411,210003
"60d6c3ee-256e-488b-acb6-ccaa99489507",1712869203.250587,20240411,220003
c0652883-5d85-49ef-99f4-9786662d7c83,1712872803.509474,20240411,230003
"3d01bdfd-7acc-423c-8043-48fe7c6061fb",1712876402.6719,20240412,2
"67b6d591-b8f8-44b4-8cf6-26e061b328ca",1712880003.365285,20240412,10003
"0b977f89-4781-4246-ac41-f33293c4d577",1712883602.8646,20240412,20002
d56e3fda-de7e-4de4-a12f-f7abe9394ddb,1712887204.333637,20240412,30004
d8176f85-8d7f-4076-a300-f765df6f26e2,1712890803.755855,20240412,40003
"034014ba-a335-4d19-8c0d-13ee9926c564",1712894402.916032,20240412,50002
e19f664e-716a-4df1-b16e-b806b94a4c78,1712898002.864472,20240412,60002
add6889b-c33e-4719-b449-f438e7308c21,1712901602.990734,20240412,70002
"35fe92c1-a3d1-43b8-9d5e-411e6e743bc9",1712905203.288377,20240412,80003
aa1c01a1-ab86-4d98-8bae-20f0ccd57019,1712908803.230123,20240412,90003
"0d8f1284-cb84-42ab-a4f2-4997b89d5c63",1712912403.186549,20240412,100003
"0352671c-41ee-4a16-a335-4cd3dfee9927",1712916003.215765,20240412,110003
"0b4d2134-f223-4b03-91df-224c905a62bb",1712919603.448046,20240412,120003
c7ddaa47-1358-4086-9bfa-b9050b5342d4,1712923203.708012,20240412,130003
c394acec-6638-40b8-b28c-692f657425a8,1712926802.557823,20240412,140002
b139547f-6c71-4cca-a089-8de215777cdb,1712930402.613546,20240412,150002
"5ff97262-ff2a-4a80-9ede-577f90775a02",1712934002.994433,20240412,160002
"2ecf0511-1279-452b-ae28-a217a612d3e4",1712937603.015015,20240412,170003
a75fb9a9-d957-403f-8982-f25cf267b06b,1712941203.054756,20240412,180003
"5746186a-5f49-4f9a-9d03-71e084330f83",1712944803.122887,20240412,190003
"075b5137-5525-4873-ba69-8254ed4ae88c",1712948403.211381,20240412,200003
beef103a-83ec-4cfe-8aca-b225e19fa31f,1712952003.318986,20240412,210003
b420e709-68b8-4eee-a31a-dd9cb405b643,1712955603.80804,20240412,220003
f7b8fbe0-d809-4f40-a5bc-07e2129423ac,1712959202.628484,20240412,230002
dad3d289-f720-4108-8042-6959f0f2c995,1712962803.445611,20240413,3
f3fdceeb-05e9-4461-9bd7-5ff74f517442,1712966402.739656,20240413,10002
"5ecfe70e-e8a6-43c9-b658-5cd4e8324a56",1712970002.826317,20240413,20002
fc9eedbf-87dd-41af-88b1-57656e69102e,1712973603.878708,20240413,30003
"0550e9a5-c1fc-4f31-9381-cddd304e1be3",1712977204.237108,20240413,40004
ef60199f-2aab-4aba-80b1-d4f1f2872f52,1712980802.765967,20240413,50002
b40786f1-1f0a-4a3c-a1a2-5855bcbb5577,1712984402.855683,20240413,60002
cf22564b-b71d-499a-b54b-a29318032596,1712988002.840093,20240413,70002
"16722f1b-b4d2-4d8b-a08a-97b4dd76f784",1712991603.093354,20240413,80003
"715b04bf-c765-45c6-9c01-03050a76ef98",1712995203.395758,20240413,90003
b509e485-7662-46a0-8c7f-61fb77fb47bd,1712998803.187631,20240413,100003
"1b3908c0-55b3-4bb2-92e0-03abf45127ff",1713002403.50323,20240413,110003
e925ccce-611e-41e8-ade5-3f7ef883863c,1713006003.459183,20240413,120003
"5fe8269f-1c63-4792-8e59-70a3853b0a7e",1713009602.847526,20240413,130002
c41556a3-3006-4aca-adbc-274f02f564a3,1713013202.751377,20240413,140002
cadecbf5-c63e-43ba-b056-f572973cd8cd,1713016802.727621,20240413,150002
"8900a3a9-72b6-4da4-bd0a-fcb7433d055f",1713020403.178584,20240413,160003
"2d01b963-adc9-4769-b8b2-2a8ad91f4f65",1713024003.00972,20240413,170003
"0fab8bee-9a5e-4365-ac98-32403ca7ffaf",1713027604.003964,20240413,180004
"15fc58a7-37ac-4c85-a6db-8e004f5b38fb",1713031203.25212,20240413,190003
fb5a0bcc-9ac0-48c1-bf85-6bbff51fb4bc,1713034803.184277,20240413,200003
"84ac88ae-3258-4a0f-b01b-d0a8cf7c0f5a",1713038403.477247,20240413,210003
"55e57ca8-ff84-43e5-93eb-78381618e8eb",1713042003.371521,20240413,220003
ad6e0471-f9bf-48a4-b5ec-f9259a6b5443,1713045602.682579,20240413,230002
"6d69f83a-fc7b-4023-b221-cff84c82dade",1713049203.004234,20240414,3
b8c0e97a-5056-4a83-80cc-d77efbb6cbce,1713052802.893355,20240414,10002
"02c7aab5-1351-48fd-ba67-05b802559844",1713056403.552819,20240414,20003
"334d342b-4b20-4444-aed3-8a61cec7c835",1713060003.943922,20240414,30003
"24c300eb-f7d2-4222-a136-88158998ea47",1713063604.574816,20240414,40004
e29fc3b5-5805-484d-8901-6857771dd2b9,1713067202.812421,20240414,50002
eae31aab-9546-4ce2-bcaf-9c4914c9ace0,1713070802.799689,20240414,60002
"9aae67e4-580c-462a-820f-53c445a0380f",1713074402.966854,20240414,70002
d9938ed2-dba5-4b65-a518-4c7a3ff0b706,1713078003.347462,20240414,80003
fdc0536c-e541-470c-a448-7e3bbfe0fb6d,1713081603.181832,20240414,90003
"5e7cc18c-8aa2-46c2-a980-f4d96b07744f",1713085203.129967,20240414,100003
"83244f3e-04b1-4a6c-bd18-ee476b265080",1713088803.363164,20240414,110003
"96a4f61b-8610-4460-ade3-939416d5ff2e",1713092403.351457,20240414,120003
"3a5cc14e-b8be-4437-9062-97324f516259",1713096003.561378,20240414,130003
ec857ab4-69ef-4bde-bef0-7fbee15a2592,1713099602.637431,20240414,140002
f98b84b4-7eac-4c28-9987-873d2e0307e9,1713103202.792035,20240414,150002
"20ce82c9-090e-4319-95a1-7ecdc7e51047",1713106803.186172,20240414,160003
"73911e87-f300-40fd-807e-96048a963255",1713110402.834317,20240414,170002
"6e25c3f7-689a-4271-86e7-826e07528251",1713114003.495123,20240414,180003
"96512965-f179-4090-98ac-c7b853ec9e50",1713117602.71431,20240414,190002
bd061daa-330f-4be3-8453-d7404559a190,1713121202.57548,20240414,200002
"7ff00b7f-5705-41a6-b44a-355364957899",1713124802.662308,20240414,210002
"0c62d17e-1600-4b6f-b1fe-f2d47495beca",1713128402.816097,20240414,220002
e15e0a06-0474-43b0-b181-9f11beb75c64,1713132003.798654,20240414,230003
